Model,imagenet-sketch_Relative-Robustness,imagenet-sketch_Improved-Relative-Robustness,food101_Relative-Robustness,food101_Improved-Relative-Robustness,caltech101_Relative-Robustness,caltech101_Improved-Relative-Robustness,fgvc_aircraft_Relative-Robustness,fgvc_aircraft_Improved-Relative-Robustness,imagenet_Relative-Robustness,imagenet_Improved-Relative-Robustness,oxford_pets_Relative-Robustness,oxford_pets_Improved-Relative-Robustness,stanford_cars_Relative-Robustness,stanford_cars_Improved-Relative-Robustness,ucf101_Relative-Robustness,ucf101_Improved-Relative-Robustness,sun397_Relative-Robustness,sun397_Improved-Relative-Robustness,imagenet-a_Relative-Robustness,imagenet-a_Improved-Relative-Robustness,imagenet-r_Relative-Robustness,imagenet-r_Improved-Relative-Robustness,eurosat_Relative-Robustness,eurosat_Improved-Relative-Robustness,flowers102_Relative-Robustness,flowers102_Improved-Relative-Robustness,dtd_Relative-Robustness,dtd_Improved-Relative-Robustness,imagenet-v2_Relative-Robustness,imagenet-v2_Improved-Relative-Robustness,SAR_Relative-Robustness,WAR_Improved-Relative-Robustness
EVA-02-CLIP-E/14+,0.7738377774675416,0.7738377774675416,0.9064547309633767,0.9064547309633767,0.9731418548563912,0.9731418548563912,0.7403971052143254,0.7403971052143254,0.898999756038058,0.898999756038058,0.9683650031321779,0.9683650031321779,0.9439923914192117,0.9439923914192117,0.8841544607190414,0.8841544607190414,0.9185205038863575,0.9185205038863575,0.4179377669310555,0.4179377669310555,0.8918060554732162,0.8918060554732162,0.9070895033416327,0.9070895033416327,0.9445103153900877,0.9445103153900877,0.7617504051863857,0.7617504051863857,0.8608833641893677,0.8608833641893677,0.8527893996138818,0.755943144928356
EVA-02-CLIP-E/14,0.762131170465669,0.762131170465669,0.9091590787359402,0.9091590787359402,0.9739111450714988,0.9739111450714988,0.7399020807833537,0.7399020807833537,0.8963035256801268,0.8963035256801268,0.9638415717420838,0.9638415717420838,0.9441678143871173,0.9441678143871173,0.8875761721178959,0.8875761721178959,0.9294855053538784,0.9294855053538784,0.403504411581956,0.403504411581956,0.8813072173727913,0.8813072173727913,0.7930808544096449,0.7930808544096449,0.9704600484261502,0.9704600484261502,0.7645180023228804,0.7645180023228804,0.8688004232244412,0.8688004232244412,0.8458766014450285,0.7296320013415568
CLIPA-ViT-G/14,0.807405398074054,0.807405398074054,0.9005636498989684,0.9005636498989684,0.981978021978022,0.981978021978022,0.7245561610124802,0.7245561610124802,0.8613094517729639,0.8613094517729639,0.9586647132691503,0.9586647132691503,0.9431925374698669,0.9431925374698669,0.8981877674301537,0.8981877674301537,0.9233605478008955,0.9233605478008955,0.36350435624394967,0.36350435624394967,0.8790118243243243,0.8790118243243243,0.860422791544169,0.860422791544169,0.9692432683379759,0.9692432683379759,0.7621486916793575,0.7621486916793575,0.8163477808147859,0.8163477808147859,0.8433264641100744,0.7278912408450681
EVA-CLIP-8B,0.6778839682326019,0.6778839682326019,0.8850267379679144,0.8850267379679144,0.9990143467309166,0.9990143467309166,0.8146058091286307,0.8146058091286307,0.8497905445840814,0.8497905445840814,0.9408590993982155,0.9408590993982155,0.9003584985238295,0.9003584985238295,0.8512426461760115,0.8512426461760115,0.9041650345998171,0.9041650345998171,0.35052894330203255,0.35052894330203255,0.8204158790170133,0.8204158790170133,0.8179259884620798,0.8179259884620798,0.9381239842117484,0.9381239842117484,0.6573446327683616,0.6573446327683616,0.792107299458344,0.792107299458344,0.8132928941707733,0.7136209624539086
CLIPA-ViT-H/14,0.7962653288740245,0.7962653288740245,0.8776709401709403,0.8776709401709403,0.9756391967518929,0.9756391967518929,0.6859660163624922,0.6859660163624922,0.8374584410786851,0.8374584410786851,0.9323590814196242,0.9323590814196242,0.9191480343329447,0.9191480343329447,0.888180161416298,0.888180161416298,0.8986807387862797,0.8986807387862797,0.32757315842583246,0.32757315842583246,0.8678479931682321,0.8678479931682321,0.834185733512786,0.834185733512786,0.9370143630798211,0.9370143630798211,0.7586061542784881,0.7586061542784881,0.7850006660450247,0.7850006660450247,0.8214397338468911,0.6999034557618241
CLIPA-ViT-G/14@336px,0.8058871405317417,0.8058871405317417,0.890777730556736,0.890777730556736,0.9761383537653241,0.9761383537653241,0.7073478967322622,0.7073478967322622,0.8500302114803626,0.8500302114803626,0.9516701461377871,0.9516701461377871,0.9380252100840335,0.9380252100840335,0.8910667169242367,0.8910667169242367,0.9169522805167414,0.9169522805167414,0.34138543516873887,0.34138543516873887,0.8746045138156509,0.8746045138156509,0.7682040634732313,0.7682040634732313,0.9697145509398931,0.9697145509398931,0.7499655410062026,0.7499655410062026,0.8017912772585669,0.8017912772585669,0.8289040712261004,0.6960398776963843
OpenCLIP- ViT-H/14-quickgelu@336px,0.688174982911825,0.688174982911825,0.8597496286866115,0.8597496286866115,0.9834047697549182,0.9834047697549182,0.5827369650942018,0.5827369650942018,0.7979737783075089,0.7979737783075089,0.8965125877011969,0.8965125877011969,0.8715328467153284,0.8715328467153284,0.7733145708072151,0.7733145708072151,0.8412039439543332,0.8412039439543332,0.26643146478505164,0.26643146478505164,0.7864025695931477,0.7864025695931477,0.9616171149913482,0.9616171149913482,0.9428133216476775,0.9428133216476775,0.7701942020827469,0.7701942020827469,0.7319083183105847,0.7319083183105847,0.7835980710229131,0.6845935780190934
OpenCLIP-ViT-H/14-quickgelu,0.7024872887178782,0.7024872887178782,0.868684715412492,0.868684715412492,0.9730021598272138,0.9730021598272138,0.6047032474804032,0.6047032474804032,0.8046996762978061,0.8046996762978061,0.9017412935323382,0.9017412935323382,0.8725203591564,0.8725203591564,0.7861935483870968,0.7861935483870968,0.8463040083289953,0.8463040083289953,0.2957282110091743,0.2957282110091743,0.7920568291895383,0.7920568291895383,0.9019517442753958,0.9019517442753958,0.9360691144708425,0.9360691144708425,0.7444397223402748,0.7444397223402748,0.7331609566903685,0.7331609566903685,0.7842495250077478,0.6796817066026851
EVA-01-CLIP-g/14+,0.700822078684674,0.700822078684674,0.8638492538939113,0.8638492538939113,0.9638194290772295,0.9638194290772295,0.5763097949886105,0.576309794988537,0.8433127442329511,0.8433127442329511,0.946713094861243,0.946713094861243,0.8338844797178131,0.8338844797178131,0.8764044943820224,0.8764044943820224,0.8911365451157838,0.8911365451157838,0.3554566302441657,0.3554566302441657,0.8345970537261699,0.8345970537261699,0.8325669461725724,0.8325669461725724,0.9146479226810594,0.9146479226810594,0.7037422037422038,0.7037422037422038,0.8084280565566954,0.8084280565566954,0.796379381871807,0.6771217469199556
EVA-02-CLIP-L/14,0.6878485471088934,0.6878485471088934,0.8470613939261525,0.8470613939261525,0.9664570230607967,0.9664570230607967,0.5474814203137903,0.5474814203061251,0.8461634904714141,0.8461634904714141,0.9390971039182283,0.9390971039182283,0.8335911602209944,0.8335911602209944,0.8675496688741722,0.8675496688741722,0.9005383580080754,0.9005383580080754,0.34498620055197793,0.34498620055197793,0.8342900465720784,0.8342900465720784,0.8349985726520125,0.8349985726520125,0.9545218295218295,0.9545218295218295,0.7518975332068311,0.7518975332068311,0.809021113243762,0.809021113243762,0.7977002307767341,0.6770541680167346
CLIPA-ViT-H/14@336px (DataComp-1B),0.7695942190105616,0.7695942190105616,0.857859353324085,0.857859353324085,0.9761405059096433,0.9761405059096433,0.6559546313799622,0.6559546313799622,0.8205412054120541,0.8205412054120541,0.9266791823112224,0.9266791823112224,0.9130342784595853,0.9130342784595853,0.8694747789911595,0.8694747789911595,0.8834057112777998,0.8834057112777998,0.29955730447614365,0.29955730447614365,0.8539577554939194,0.8539577554939194,0.7961976091026933,0.7961976091026933,0.9241420118343195,0.9241420118343195,0.7151889841225235,0.7151889841225235,0.7592641609317099,0.7592641609317099,0.8013994461358256,0.6708128724233133
CLIPA-ViT-L/14,0.7732874749211809,0.7732874749211809,0.840571861800065,0.840571861800065,0.9673446948873007,0.9673446948873007,0.6193415637860082,0.6193415637860081,0.8029655692385022,0.8029655692385022,0.9234006734006734,0.9234006734006734,0.8872847823762164,0.8872847823762164,0.8408823913327242,0.8408823913327242,0.877953813104189,0.877953813104189,0.2925271739130435,0.2925271739130435,0.8404324324324324,0.8404324324324324,0.780305492362691,0.780305492362691,0.9314406149268535,0.9314406149268535,0.7686771268173312,0.7686771268173312,0.7602138744173293,0.7602138744173293,0.7937753026477695,0.663252421964521
EVA-01-CLIP-g/14,0.6086201452478686,0.6086201452478686,0.7829915292019617,0.7829915292019617,0.9357798165137614,0.9357798165137614,0.6565126050420168,0.6565124426915984,0.7797634691195796,0.7797634691195796,0.8947705442902881,0.8947705442902881,0.7955665024630543,0.7955665024630543,0.7983011999460699,0.7983011999460699,0.8472878998609179,0.8472878998609179,0.25681114551083595,0.25681114551083595,0.7873962771921955,0.7873962771921955,0.8174671240708977,0.8174671240708977,0.8706992230854605,0.8706992230854605,0.7383760107816711,0.7383760107816711,0.7386066763425253,0.7386066763425253,0.753930011244607,0.6565382591056502
EVA-02-CLIP-L/14+ ,0.6394607132502174,0.6394607132502174,0.8176897261015481,0.8176897261015481,0.968546518044366,0.968546518044366,0.5268987341772152,0.5268987341764747,0.8323966529286876,0.8323966529286876,0.9307446808510638,0.9307446808510638,0.8203841117415976,0.8203841117415976,0.851200629838604,0.851200629838604,0.8794345158708988,0.8794345158708988,0.3130187043230521,0.3130187043230521,0.8192563937244788,0.8192563937244788,0.8219349457881568,0.8219349457881568,0.937968467304213,0.937968467304213,0.7001557632398754,0.7001557632398754,0.7945709998635929,0.7945709998635929,0.7769107704698378,0.653246705751558
EVA-02-CLIP-B/16,0.6012471851723541,0.6012471851723541,0.7599543639475185,0.7599543639475185,0.9613912651958576,0.9613912651958576,0.5528846153846154,0.5528790170298628,0.7845289079229122,0.7845289079229122,0.8948281470237449,0.8948281470237449,0.6983460559796438,0.6983460559796438,0.8328002326257633,0.8328002326257633,0.822589765337857,0.822589765337857,0.2752736041550733,0.2752736041550733,0.7592434411226358,0.7592434411226358,0.8784783895796329,0.8784783895796329,0.885891023953672,0.885891023953672,0.7175109087459685,0.7175109087459685,0.7386244964941071,0.7386244964941071,0.7442394935094239,0.64810953417022
CLIPA-ViT-H/14@336px (LAION-2B),0.7004634994206257,0.7004634994206257,0.7915657344197314,0.7915657344197314,0.954540439148185,0.954540439148185,0.5445292620865141,0.5445292620574272,0.7736353225601221,0.7736353225601221,0.9127026168026274,0.9127026168026274,0.8816793893129772,0.8816793893129772,0.8291878172588834,0.8291878172588834,0.8673523911301096,0.8673523911301096,0.2550537634408602,0.2550537634408602,0.8129011204177091,0.8129011204177091,0.84609375,0.84609375,0.8829109973786045,0.8829109973786045,0.6961918194640337,0.6961918194640337,0.7317751808569839,0.7317751808569839,0.7653722069131977,0.6423745357083737
OpenCLIP-ViT-L/14 (datacomp_xl_s13b_b90k),0.6651675612940664,0.6651675612940664,0.8431668644159207,0.8431668644159207,0.9398280802292265,0.9398280802292265,0.5703125,0.5703125,0.7726872246696035,0.7726872246696035,0.8821176718240185,0.8821176718240185,0.6991774383078732,0.6991774383078732,0.8077237991266375,0.8077237991266375,0.8502101125118612,0.8502101125118612,0.29742214275070783,0.29742214275070783,0.781868131868132,0.781868131868132,0.7837235228539576,0.7837235228539576,0.8856301386673212,0.8856301386673212,0.7300300300300301,0.7300300300300301,0.7098337950138504,0.7098337950138504,0.7479266009042139,0.636955089084412
OpenCLIP-ViT-G/14,0.6441647597254004,0.6441647597254004,0.8045763082986642,0.8045763082986642,0.9597278612970481,0.9597278612970481,0.6043812020220933,0.6043812020220933,0.7559397935066551,0.7559397935066551,0.8842403271469015,0.8842403271469015,0.8280012670256574,0.8280012670256574,0.7910789172703012,0.7910789172703012,0.835070836674686,0.835070836674686,0.26418786692759294,0.26418786692759294,0.7827448439693337,0.7827448439693337,0.8153470326196293,0.8153470326196293,0.872951324707332,0.872951324707332,0.6650303205313312,0.6650303205313312,0.7041275030649775,0.7041275030649775,0.7474380109858402,0.6369274336730195
CLIPA-ViT-L/14@336px,0.7544534701439362,0.7544534701439362,0.8127700950734659,0.8127700950734659,0.9658890845070424,0.9658890845070424,0.5890034364261169,0.5890034364261167,0.7835400225479143,0.7835400225479143,0.91072744499421,0.91072744499421,0.8728360760846335,0.8728360760846335,0.8143958868894602,0.8143958868894602,0.8585777420650863,0.8585777420650863,0.2586050136381348,0.2586050136381348,0.8263731520448905,0.8263731520448905,0.7169623611341402,0.7169623611341402,0.9104957349486958,0.9104957349486958,0.734322220590395,0.734322220590395,0.7389816589104845,0.7389816589104845,0.7698622266665739,0.627522309724471
OpenCLIP-ViT-B/32@256px,0.6445067634444078,0.6445067634444078,0.7666474321984997,0.7666474321984997,0.934399117971334,0.934399117971334,0.4712084347120843,0.4712084347095122,0.7106299212598425,0.7106299212598425,0.8267514502454262,0.8267514502454262,0.6376795332136445,0.6376795332136445,0.7515309246785059,0.7515309246785059,0.786925641397304,0.786925641397304,0.36400882445635047,0.36400882322706796,0.732779677576942,0.732779677576942,0.7999089114923333,0.7999089114923333,0.8471090415211485,0.8471090415211485,0.7275731042458284,0.7275731042458284,0.6622357463164639,0.6622357463164639,0.7109263016486744,0.6214558927738235
MetaCLIP- ViT-G/14 (2.5B),0.7716838487972508,0.7716838487972508,0.7748736151446703,0.7748736151446703,0.960295577368479,0.960295577368479,0.5868206779019125,0.5868206779019125,0.7687713310580204,0.7687713310580204,0.9127949277621868,0.9127949277621868,0.8113769154448242,0.8113769154448242,0.7974060285817223,0.7974060285817223,0.8229833965224214,0.8229833965224214,0.280148185998978,0.280148185998978,0.8352828583581454,0.8352828583581454,0.7175500270416442,0.7175500270416442,0.8545494797431924,0.8545494797431924,0.712324968806322,0.712324968806322,0.7110731194108364,0.7110731194108364,0.7545289971960404,0.6209964382700907
OpenCLIP-ViT-H/14,0.5803360849056604,0.5803360849056604,0.7839506172839507,0.7839506172839507,0.9320845656698433,0.9320845656698433,0.5216548157724629,0.5216548157724629,0.7263764404609475,0.7263764404609475,0.848523340743093,0.848523340743093,0.7071383046526449,0.7071383046526449,0.7684014375083189,0.7684014375083189,0.813836143938388,0.813836143938388,0.28095825259820323,0.28095825259820323,0.7241148964595859,0.7241148964595859,0.8020221341713349,0.8020221341713349,0.8541064017104766,0.8541064017104766,0.6575806689258877,0.6575806689258877,0.6673693086003373,0.6673693086003373,0.7112302275600758,0.6111521415242288
M2-Encoder-1B ,0.546494762288477,0.546494762288477,0.6891288160833954,0.6891288160833954,0.8825274725274725,0.8825274725274725,0.6633663366336634,0.6514038976878725,0.7142174432497013,0.7142174432497013,0.8307960488088321,0.8307960488088321,0.6327017543859649,0.6327017543859649,0.7728125533003581,0.7728125533003581,0.7835199540625898,0.7835199540625898,0.2649708532061473,0.2649708532061473,0.689767064549774,0.689767064549774,0.6965833758286588,0.6965833758286588,0.813751358063014,0.813751358063014,0.6393622869708632,0.6393622869708632,0.6582042455536432,0.6582042455536432,0.6852136217008369,0.5983224584269
OpenCLIP-ViT-B/16,0.5865353567969002,0.5865353567969002,0.7600271155801603,0.7600271155801603,0.9327980642322922,0.9327980642322922,0.5385281385281385,0.5385281384514881,0.6985294117647058,0.6985294117647058,0.8179653679653679,0.8179653679653679,0.5408026755852843,0.5408026755852843,0.7526239067055395,0.7526239067055395,0.7615439599714081,0.7615439599714081,0.2784754351178674,0.2784754351178674,0.7201665675193337,0.7201665675193337,0.7658716239915819,0.7658716239915819,0.8014306530666314,0.8014306530666314,0.6879958606416006,0.6879958606416006,0.6434624697336563,0.6434624697336563,0.6857837738133644,0.5952135337423147
CoCa-ViT-B/32,0.506713368359603,0.506713368359603,0.6492633755492376,0.6492633755492376,0.8958052938537462,0.8958052938537462,0.45468998410174877,0.45393506564700126,0.6592767295597484,0.6592767295597484,0.7623695725345002,0.7623695725345002,0.6362771900629978,0.6362771900629978,0.7671389024588829,0.7671389024588829,0.7295131539159359,0.7295131539159359,0.3330236878773804,0.33297570947778476,0.6957531066502799,0.6957531066502799,0.8042374751710438,0.8042374751591356,0.73721612853391,0.73721612853391,0.6836772983114446,0.6836772983114446,0.6292175161521896,0.6292175161521896,0.6629448522061766,0.5941411547570897
M2-Encoder-10B ,0.5684243565599497,0.5684243565599497,0.7550251256281407,0.7550251256281407,0.9368294285088679,0.9368294285088679,0.5468956406869221,0.5468523258106868,0.7237006001585324,0.7237006001585324,0.8085129310344827,0.8085129310344827,0.7295135135135136,0.7295135135135136,0.7837800497374966,0.7837800497374966,0.7918911637931035,0.7918911637931035,0.2762381548364026,0.2762381548364026,0.7104594781805588,0.7104594781805588,0.7246003094378545,0.7246003094378545,0.8095362167795727,0.8095362167795727,0.6500881834215168,0.6500881834215168,0.6707927677329624,0.6707927677329624,0.6990858613339919,0.5938085370556894
MetaCLIP- ViT-H/14 (2.5B),0.757266411456118,0.757266411456118,0.7243096913914456,0.7243096913914456,0.9533634214485278,0.9533634214485278,0.5248532289628179,0.5248532289628179,0.742548435171386,0.742548435171386,0.8835602094240838,0.8835602094240838,0.7582600956724885,0.7582600956724885,0.8143199294087986,0.8143199294087986,0.8082962575242083,0.8082962575242083,0.2510615711252654,0.2510615711252654,0.8154225654225655,0.8154225654225655,0.6976744186046513,0.6976744186046513,0.8068128241395568,0.8068128241395568,0.6881365262868153,0.6881365262868153,0.686547024693024,0.686547024693024,0.7274955073821168,0.5892951136806205
CoCa-ViT-L/14 (laion2b_s13b_b90k),0.6063138347260909,0.6063138347260909,0.7490129723632262,0.7490129723632262,0.9288381287063474,0.9288381287063474,0.42218543046357615,0.422185430456864,0.7336417713152676,0.7336417713152676,0.8890425531914893,0.8890425531914893,0.7481401617250674,0.7481401617250674,0.8026369444066875,0.8026369444066875,0.8051415287843567,0.8051415287843567,0.25397122033264813,0.25397122033264813,0.7665982203969884,0.7665982203969884,0.7726813789124477,0.7726813789124477,0.8536262572789836,0.8536262572789836,0.6915828142469254,0.6915828142469254,0.6895232489699824,0.6895232489699824,0.7141957643880057,0.5876902606244138
CoCa-ViT-L/14 (laion2b_s13b_b90k + mscoco),0.5662197514715501,0.5662197514715501,0.69137743378885,0.69137743378885,0.9116412635299316,0.9116412635299316,0.4763729246487867,0.47635400298729264,0.6788189631272525,0.6788189631272525,0.8739063867016623,0.8739063867016623,0.6312521169696286,0.6312521169696286,0.7680895731280616,0.7680895731280616,0.724238631622862,0.724238631622862,0.2298624754420432,0.2298624754420432,0.7295206844017345,0.7295206844017345,0.711340206185567,0.711340206185567,0.8106775602197492,0.8106775602197492,0.6111200385666078,0.6111200385666078,0.6385208012326655,0.6385208012326655,0.6701972540691302,0.5522540205868287
SigLIP-ViT-SO400M,0.5732036736898972,0.5732036736898972,0.7719073540399188,0.7719073540399188,0.9299869337979093,0.9299869337979093,0.46930988719309885,0.46930988719309885,0.6749969523345117,0.6749969523345117,0.8031702708377073,0.8031702708377073,0.6177905944986691,0.6177905944986691,0.7069790879314689,0.7069790879314689,0.7426606717799523,0.7426606717799523,0.21797190151620532,0.21797190151620532,0.7419490633550831,0.7419490633550831,0.7027421710206069,0.7027421710206069,0.8278928532697105,0.8278928532697105,0.6152547143259217,0.6152547143259217,0.6099067139666273,0.6099067139666273,0.667048189570486,0.5453826025355789
MetaCLIP- ViT-B/16 (2.5B),0.6441156914893618,0.6441156914893618,0.6048943014705882,0.6048943014705882,0.9222443119063397,0.9222443119063397,0.4245098039215686,0.42450979374566755,0.6365779256794231,0.6365779256794231,0.8179042634391016,0.8179042634391016,0.5926952748312441,0.5926952748312441,0.748831941101515,0.748831941101515,0.6914556962025317,0.6914556962025317,0.18552311435523114,0.18552311435523114,0.7437342607027222,0.7437342607027222,0.7798075034374388,0.7798075034374365,0.7315775472200052,0.7315775472200052,0.6646243147371815,0.6646243147371815,0.5992929603442976,0.5992929603442976,0.6525192607225699,0.5439002226231191
MetaCLIP- ViT-L/14 (2.5B),0.7179115300942712,0.7179115300942712,0.6677940213833734,0.6677940213833734,0.9309901414487785,0.9309901414487785,0.5142478462557986,0.5142478462557986,0.6960090932053549,0.6960090932053549,0.8490864927658677,0.8490864927658677,0.7043713384407391,0.7043713384407391,0.7716306681823923,0.7716306681823923,0.773552175073392,0.773552175073392,0.22412116159510906,0.22412116159510906,0.7927427263811704,0.7927427263811704,0.5749440715883668,0.5749440715883668,0.7804405712902445,0.7804405712902445,0.686822840409956,0.686822840409956,0.646361631753032,0.646361631753032,0.6887350873245232,0.5437222112697748
OpenCLIP-ViT-L/14 (laion2b_s32b_b82k),0.4215934239645906,0.4215934239645906,0.6285484427077347,0.6285484427077347,0.9068839374792153,0.9068839374792153,0.45648604269293924,0.45648604268819415,0.6101535146781578,0.6101535146781578,0.7618534482758621,0.7618534482758621,0.617815780928672,0.617815780928672,0.7226831669244832,0.7226831669244832,0.7259975486858232,0.7259975486858232,0.2207001522070015,0.2207001522070015,0.6326764436296975,0.6326764436296975,0.7609227542817196,0.7609227542817196,0.7536720118582402,0.7536720118582402,0.5786976439790575,0.5786976439790575,0.5712556732223903,0.5712556732223903,0.624662665701039,0.542651653653678
MetaCLIP- ViT-B/32 (2.5B),0.63,0.63,0.6043713163064833,0.6043713163064833,0.8996253856324372,0.8996253856324372,0.43204419889502765,0.4320437124757516,0.6356245380635624,0.6356245380635624,0.7647382314122305,0.7647382314122305,0.6037760248286564,0.6037760248286564,0.7737827715355805,0.7737827715355805,0.7065409546258103,0.7065409546258103,0.27358490566037735,0.2735848946628048,0.7319534282018111,0.7319534282018111,0.6598043212392988,0.6598043212392618,0.7489036638845664,0.7489036638845664,0.6017323369565217,0.6017323369565217,0.6122209165687427,0.6122209165687427,0.6452468662540738,0.5322773095461599
SigLIP-ViT-SO400M@336px,0.5559152839606097,0.5559152839606097,0.7449401292783723,0.7449401292783723,0.9318505533033856,0.9318505533033856,0.43902439024390244,0.43902439024390244,0.6583504904929152,0.6583504904929152,0.7962100031065549,0.7962100031065549,0.5945747029755021,0.5945747029755021,0.6710121756241545,0.6710121756241545,0.7185469972159618,0.7185469972159618,0.19544760935910477,0.19544760935910477,0.7339411086660379,0.7339411086660379,0.671109068627451,0.671109068627451,0.8001946156341228,0.8001946156341228,0.56346284935242,0.56346284935242,0.5892414153283718,0.5892414153283718,0.6442547595445911,0.5165949152305797
ViT-L/14,0.4433629803658332,0.4433629803658332,0.6702489308038162,0.6702489308038162,0.9226016625477421,0.9226016625477421,0.35924170616113743,0.3592417037332801,0.6389514100357474,0.6389514100357474,0.8368088974441236,0.8368088974441236,0.5430591259640103,0.5430591259640103,0.7682910275553142,0.7682910275553142,0.7338140082401413,0.7338140082401413,0.20835108649339584,0.20835108649339584,0.6513761467889908,0.6513761467889908,0.720915243312923,0.720915243312923,0.7027300303336703,0.7027300303336703,0.5666906993511176,0.5666906993511176,0.5927835051546392,0.5927835051546392,0.6239484307035068,0.5137932250460505
ViT-L/14@336px,0.42807938330326395,0.42807938330326395,0.6521313614615051,0.6521313614615051,0.9042102918244599,0.9042102918244599,0.3288409703504043,0.3288409701029598,0.6256530825496343,0.6256530825496343,0.8263000852514919,0.8263000852514919,0.5203671108876037,0.5203671108876037,0.7516445160424219,0.7516445160424219,0.7129428778018799,0.7129428778018799,0.18166471886767951,0.18166471886767951,0.6372704602131036,0.6372704602131036,0.7541944942172992,0.7541944942172992,0.6863219561895059,0.6863219561895059,0.5776386404293381,0.5776386404293381,0.5787246049661401,0.5787246049661401,0.6110656369570487,0.5064587199064248
SigLIP-ViT-L/16@256px,0.531864454051039,0.531864454051039,0.7467876039304611,0.7467876039304611,0.9134910205869471,0.9134910205869471,0.4016377832793754,0.4016377832793754,0.6342835708927231,0.6342835708927231,0.8061724533416744,0.8061724533416744,0.5440265013891857,0.5440265013891857,0.6373795761078999,0.6373795761078999,0.6800224152423648,0.6800224152423648,0.20177422160375716,0.20177422160375716,0.7084847189570421,0.7084847189570421,0.6390936881855781,0.6390936881855781,0.8069937958262832,0.8069937958262832,0.6010208421948107,0.6010208421948107,0.5706268820147823,0.5706268820147823,0.6282439685069283,0.5013388741691578
M2-Encoder-0.4B ,0.4462482676697684,0.4462482676697684,0.609006336793852,0.609006336793852,0.8568965517241379,0.8568965517241379,0.5118483412322276,0.478407980177785,0.5808165910563836,0.5808165910563836,0.6857247796278158,0.6857247796278158,0.5044912021656208,0.5044912021656208,0.6892239163954086,0.6892239163954086,0.6688617121354656,0.6688617121354656,0.2581729300336083,0.2581729297885644,0.6010226644555003,0.6010226644555003,0.569530226464533,0.569530226464533,0.6559485530546624,0.6559485530546624,0.5964514911287279,0.5964514911287279,0.5663523071741328,0.5663523071741328,0.5867063914074564,0.500865478366185
BLIP-ViT-L/16  (129M + COCO),0.39125722543352603,0.39125722543352603,0.5509388733519776,0.5509388733519776,0.8668023518769787,0.8668023518769787,0.5219298245614035,0.2592770104532558,0.5515422726546267,0.5515422726546267,0.6610878661087866,0.6610878661087866,0.3069046225863078,0.3069046225863078,0.6511162432640493,0.6511162432640493,0.6118971550281453,0.6118971550281453,0.24412065439672806,0.24412065439670097,0.5945945945945946,0.5945945945945946,0.8535489667565139,0.8535489667565139,0.6875,0.6875,0.4951438519332967,0.4951438519332967,0.5106537971225642,0.5106537971225642,0.5666025533112999,0.49352617732948334
MetaCLIP- ViT-L/14 (400M),0.5110667076544728,0.5110667076544728,0.6177892724614865,0.6177892724614865,0.9068692206076617,0.9068692206076617,0.3673163418290854,0.36731634182906414,0.6039889778244325,0.6039889778244325,0.7792956243329775,0.7792956243329775,0.5043714555765595,0.5043714555765595,0.6966276856132716,0.6966276856132716,0.6414695945945945,0.6414695945945945,0.19503331314354935,0.19503331314354935,0.6835557566161502,0.6835557566161502,0.7016481668348469,0.7016481668348469,0.7202212503215848,0.7202212503215848,0.5601220099534436,0.5601220099534436,0.5505939602118219,0.5505939602118219,0.6026646225050626,0.49335709220450064
SigLIP-ViT-L/16@384px,0.5355677154582763,0.5355677154582763,0.72169357425425,0.72169357425425,0.9179807271134472,0.9179807271134472,0.37801314828341853,0.37801314828341853,0.6272827552396126,0.6272827552396126,0.8058262492224757,0.8058262492224757,0.5357520626189972,0.5357520626189972,0.6255781972746594,0.6255781972746594,0.6842178382884134,0.6842178382884134,0.16857102553251516,0.16857102553251516,0.7140897097625329,0.7140897097625329,0.6237504308859013,0.6237504308859013,0.792302513464991,0.792302513464991,0.5723386183465459,0.5723386183465459,0.5666001330671989,0.5666001330671989,0.6179709799208825,0.4826180569182918
MetaCLIP- ViT-B/32 (400M),0.3972988182329769,0.3972988182329769,0.5012597631645251,0.5012597631645251,0.8733835601034521,0.8733835601034521,0.2809364548494983,0.2809360486892409,0.4977892971489556,0.4977892971489556,0.6587015329125337,0.6587015329125337,0.31118337339177154,0.31118337339177154,0.6003401360544217,0.6003401360544217,0.5422138836772983,0.5422138836772983,0.21295318549806405,0.21295314900139808,0.5838181572182384,0.5838181572182384,0.7987101817471174,0.7987101817471158,0.6103859649122807,0.6103859649122807,0.45418402120408935,0.45418402120408935,0.46577484364141764,0.46577484364141764,0.5192622115837761,0.4614754407164951
BLIP-ViT-L/16  (129M + Flickr),0.3845866766187721,0.3845866766187721,0.5281170312709703,0.5281170312709703,0.8497280145058931,0.8497280145058931,0.4747474747474747,0.18447245097674825,0.5278276481149012,0.5278276481149012,0.6435897435897436,0.6435897435897436,0.33990288489003145,0.33990288489003145,0.6624145785876994,0.6624145785876994,0.5932594644506001,0.5932594644506001,0.22484316185696362,0.22484316185695563,0.5830914368650217,0.5830914368650217,0.8262432594367884,0.8262432594367791,0.6358487677942752,0.6358487677942752,0.41733723482077545,0.41733723482077545,0.4903047091412743,0.4903047091412743,0.5454561391127457,0.45677349054389954
ViT-B/16,0.3335405013465921,0.3335405013465921,0.5602022058823529,0.5602022058823529,0.8308531182551403,0.8308531182551403,0.3173431734317343,0.31733765803136804,0.5344650958583346,0.5344650958583346,0.7047266195127428,0.7047266195127428,0.4109461966604823,0.4109461966604823,0.6603268945022288,0.6603268945022288,0.608528915477834,0.608528915477834,0.16589861751152074,0.16589861751152074,0.5524057217165149,0.5524057217165149,0.6603603603603604,0.6603603603603604,0.5792357403765102,0.5792357403765102,0.5316342499441091,0.531634249944109,0.5045263498221791,0.5045263498221791,0.5303329173772424,0.4488560183026153
BLIP-ViT-L/16 (129M),0.34365034702682423,0.34365034702682423,0.5693619219839834,0.5693619219839834,0.8471323111868257,0.8471323111868257,0.6404494382022472,0.2025249184620874,0.5436860640617139,0.5436860640617139,0.71216990359089,0.71216990359089,0.35384392645142615,0.35384392645142615,0.6337564645039961,0.6337564645039961,0.610589378238342,0.610589378238342,0.23088366557572151,0.23088366550633185,0.5578111209179171,0.5578111209179171,0.7402187120291617,0.7402187092670203,0.7175971269996736,0.7175971269996736,0.40318818040435456,0.40318818040435456,0.480647562337179,0.480647562337179,0.5589990749006839,0.44543077679403204
ViT-B/32,0.3181281021035216,0.3181281021035215,0.5441837850978486,0.5441837850978486,0.8651428571428572,0.8651428571428572,0.331306990881459,0.3310162760108151,0.517426273458445,0.517426273458445,0.6925362898616986,0.6925362898616986,0.41493845894452874,0.41493845894452874,0.6815571155073389,0.6815571155073389,0.6024824952259706,0.6024824952259706,0.21124523506988566,0.21124523409621068,0.5198250728862974,0.5198250728862974,0.609923011120616,0.609923011119499,0.549563121422115,0.549563121422115,0.5126165037508524,0.5126165037508521,0.48812287908555096,0.48812287908555096,0.5239332127705991,0.444862911537658
ALBEF  (14M + flickr_finetuned),0.14102564102564102,0.1410256410256309,0.35672714823690516,0.35672714823690516,0.711858407079646,0.711858407079646,0.6084656084656085,0.21653219653497138,0.4055063913470993,0.4055063913470993,0.5640067911714771,0.5640067911714771,0.2622203811101905,0.2622166764354129,0.5183123877917415,0.5183123877917415,0.44363887450371137,0.44363887450371137,0.18381389252948888,0.1838138897964166,0.41995597945707996,0.41995597945707996,0.9536784741144414,0.9467419237492172,0.4193822612638141,0.4193822612388094,0.355453667953668,0.3554536679536546,0.3787878787878788,0.3787878787878788,0.4481889189892261,0.4380747944292633
MetaCLIP- ViT-B/16 (400M),0.404593334484545,0.404593334484545,0.4204492278895648,0.4204492278895648,0.8622654155495979,0.8622654155495979,0.33050847457627114,0.33050836819178936,0.4655269850240181,0.4655269850240181,0.6203847004200752,0.6203847004200752,0.3200053850296177,0.3200053850296177,0.5404768913747424,0.5404768913747424,0.5118994826311899,0.5118994826311899,0.15401069518716579,0.15401069518716579,0.5761205087047784,0.5761205087047784,0.6378491354740642,0.6378491354740641,0.5967111470548592,0.5967111470548592,0.47186379928315414,0.47186379928315414,0.4198595146871009,0.4198595146871009,0.4888349798247163,0.4164540207967702
ALBEF  (14M + coco_finetuned),0.1345463864684777,0.13454638646846834,0.36662175816773324,0.36662175816773324,0.7288782816229117,0.7288782816229117,0.6157635467980296,0.2504700281749891,0.41795231416549794,0.41795231416549794,0.5495696525342684,0.5495696525342684,0.25347388596070913,0.2534102874352168,0.5474137931034483,0.5474137931034483,0.4568934805842536,0.4568934805842536,0.19375232428412048,0.1937521512568487,0.4066427289048474,0.4066427289048474,0.7961538461538462,0.7961442750578773,0.5590062111801242,0.5590062111772437,0.3259082471492972,0.3259082471460173,0.3780571428571428,0.3780571428571428,0.4487089066623139,0.4136498313278472
SigLIP-ViT-B/16@256px,0.4436079126070269,0.4436079126070269,0.5493648317361266,0.5493648317361266,0.8822491730981257,0.8822491730981257,0.23892617449664427,0.23892617449664427,0.504887714663144,0.504887714663144,0.6886170212765957,0.6886170212765957,0.4098106521979847,0.4098106521979847,0.5268359643102266,0.5268359643102266,0.5218505338078291,0.5218505338078291,0.17059608540925267,0.17059608540925267,0.6243222308288149,0.6243222308288149,0.5898472596585804,0.5898472596322554,0.6718713312984268,0.6718713312984268,0.5475419941439359,0.5475419941439359,0.4612012275317842,0.4612012275317842,0.5221020071376332,0.41219877692961604
SigLIP-ViT-B/16,0.4171697835370343,0.4171697835370343,0.509906500445236,0.509906500445236,0.8707220136895563,0.8707220136895563,0.24982888432580425,0.24982888432580422,0.48402366863905333,0.48402366863905333,0.6694276308803228,0.6694276308803228,0.374090407938258,0.374090407938258,0.4941451990632318,0.4941451990632318,0.48403722261989984,0.48403722261989984,0.15508493271564086,0.15508493271564086,0.6062216317945311,0.6062216317945311,0.6045133348529748,0.6045133347873369,0.6633674895202608,0.6633674895202608,0.49251427689458244,0.49251427689458244,0.4254023488473249,0.4254023488473249,0.5000303550509142,0.39958925981756444
BLIP-ViT-B/16 & CapFilt-L (129M),0.22987288135593217,0.22987288135593217,0.33018436690537867,0.33018436690537867,0.7485555812341114,0.7485555812341114,0.5209580838323353,0.14445930723300487,0.39080686525942,0.39080686525942,0.5559701492537313,0.5559701492537313,0.13203883495145632,0.13203883495145632,0.4718785151856018,0.4718785151856018,0.4095507891541885,0.4095507891541885,0.2069935691318328,0.20699214614935602,0.4469974626444883,0.4469974626444883,0.7950081833060556,0.782726851033704,0.4167662285941856,0.4167662285941856,0.3337381096943938,0.3337381096943938,0.36312598248371886,0.36312598248371886,0.42349637353245534,0.3829806119422639
RN101,0.22113979542133463,0.22113979542133405,0.2966804979253112,0.2966804979253112,0.7581653106944936,0.7581653106944936,0.21555915721231766,0.21509730375925623,0.3302310654685494,0.3302310654685494,0.47158306488725266,0.47158306488725266,0.2732644017725258,0.2732644017725258,0.44344193817878025,0.44344193817878025,0.37489469250210616,0.37489469250210616,0.1297814207650273,0.12978141247051428,0.4137313432835821,0.4137313432835821,0.7695404226769541,0.7692401092271209,0.4379707916986933,0.4379707916986933,0.4268684089867034,0.4268684089867029,0.313467354563245,0.313467354563245,0.39175464440245844,0.3811149022376099
SigLIP-ViT-B/16@384px,0.42817839559803067,0.42817839559803067,0.49156995839719725,0.49156995839719725,0.871693557238503,0.871693557238503,0.21230158730158732,0.21230158730158732,0.4838543676830052,0.4838543676830052,0.6975066312997347,0.6975066312997347,0.4015696533682146,0.4015696533682146,0.48802873104549077,0.48802873104549077,0.48628781453208936,0.48628781453208936,0.13225058004640372,0.13225058004640372,0.6125734174461606,0.6125734174461606,0.5156648874448827,0.5156648872857464,0.639912482726854,0.639912482726854,0.5123419626730885,0.5123419626730885,0.42517580872011257,0.42517580872011257,0.49326065570142374,0.3715631936066191
BLIP-ViT-B/16  (129M + Flickr),0.28240740740740744,0.28240740740740744,0.3078755160368371,0.3078755160368371,0.731322979254053,0.731322979254053,0.7625000000000001,0.19296830981065216,0.35313838703669215,0.35313838703669215,0.4014756944444444,0.4014756944444444,0.15119236883942766,0.15119236883942766,0.5263784887678693,0.5263784887678693,0.37914691943127965,0.37914691943127965,0.15900954653937946,0.15900954648554994,0.4476164826286022,0.4476164826286022,0.7603792926704254,0.7603792558475253,0.4527472527472527,0.45274725274724664,0.3251428571428571,0.3251428571428571,0.32227185705169115,0.32227185705169115,0.42417366999988126,0.36750188667178224
SigLIP-ViT-B/16@512px,0.43637411730796943,0.43637411730796943,0.48034934497816595,0.48034934497816595,0.8653169014084507,0.8653169014084507,0.1968503937007874,0.1968503937007874,0.4766474728087012,0.4766474728087012,0.700371352785146,0.700371352785146,0.3738664918605921,0.3738664918605921,0.47828368980448766,0.47828368980448766,0.473919731506083,0.473919731506083,0.12452139170967205,0.12452139170967205,0.6166449652777778,0.6166449652777778,0.4881133029843197,0.4881132901281206,0.6292885102463734,0.6292885102463734,0.4988692899140661,0.4988692899140661,0.4220131966867892,0.4220131966867892,0.4840953435319589,0.3569409173968022
RN50x64,0.3139638834257107,0.3139638834257107,0.38258458125346645,0.38258458125346645,0.8348892138117198,0.8348892138117198,0.19884169884169883,0.19884169615505778,0.4246482683982684,0.4246482683982684,0.6170531039640987,0.6170531039640987,0.3375016453863367,0.3375016453863367,0.560737377906177,0.560737377906177,0.49672521583804696,0.49672521583804696,0.07628924563148175,0.07628924563148175,0.49892831626577755,0.49892831626577755,0.5651327433628318,0.5651327433628318,0.47735776028899496,0.47735776028899496,0.4609889076894153,0.4609889076894153,0.3865433388035208,0.3865433388035208,0.44214568672450305,0.35107079541179864
BLIP-ViT-B/16  (129M + COCO),0.27508503401360546,0.27508503401360546,0.2869204562287069,0.2869204562287069,0.7327576411771388,0.7327576411771388,0.632768361581921,0.1978343438553989,0.38009787928221855,0.38009787928221855,0.4974611925141447,0.4974611925141447,0.15853470832692013,0.15853470832692013,0.48737373737373735,0.48737373737373735,0.4100319811479549,0.4100319811479549,0.17000317762948838,0.170003176836138,0.4580102510185307,0.4580102510185307,0.6319702602230484,0.6319702600146866,0.43561006555297105,0.43561006555297105,0.30825147347740667,0.30825147347740667,0.3454317897371715,0.3454317897371715,0.414020533952331,0.3472954329130076
RN50,0.14853438556933485,0.14853438556734272,0.2253254138759004,0.2253254138759004,0.6622844047762634,0.6622844047762634,0.23426573426573424,0.23301858309311035,0.27374581939799336,0.27374581939799336,0.4230365270159879,0.4230365270159879,0.1904499540863177,0.1904499540863177,0.4288946347769877,0.4288946347769877,0.30624165554072097,0.30624165554072097,0.10449678800856531,0.10449374008179163,0.3029031716730995,0.3029031716730995,0.6046275108060005,0.60462749041395,0.3113862881304742,0.3113862881304742,0.4377413127413128,0.43774131274129624,0.2581742581742582,0.2581742581742582,0.32747385725593015,0.32522145530899105
RN50x16,0.24827177562709854,0.24827177562709854,0.285456595264938,0.285456595264938,0.8031141868512109,0.8031141868512109,0.12594187298170073,0.12594180693838447,0.3383288562137707,0.3383288562137707,0.4925621669626998,0.4925621669626998,0.2506864360241626,0.2506864360241626,0.4774407725969519,0.4774407725969519,0.41860465116279066,0.41860465116279066,0.06575486586007365,0.06575486586007365,0.42915082382762987,0.42915082382762987,0.6320460542096427,0.6320460530132023,0.38055555555555554,0.38055555555555554,0.39681938659598637,0.39681938659598637,0.31361867704280155,0.31361867704280155,0.37722351178513425,0.32062656364720205
BLIP-ViT-B/16 (4M),0.12678169542385598,0.12678169542385406,0.18345991561181432,0.18345991561181432,0.6683052722133465,0.6683052722133465,0.4318181818181819,0.20220300164026897,0.24644053601340032,0.24644053601340032,0.364200477326969,0.364200477326969,0.10204991087344029,0.10204312462474179,0.3209876543209877,0.3209876543209877,0.24940003692080487,0.24940003692080487,0.1435533894550288,0.14354495129484673,0.32328851800339986,0.32328851800339986,0.6991104133961277,0.6991103287946911,0.4297456974055998,0.42974569740546675,0.27152941176470585,0.27152941176470397,0.2296708615682478,0.2296708615682474,0.31935613147439407,0.3205801634460706
BLIP-ViT-B/16 (129M),0.24842057761732853,0.24842057761732853,0.28477045570049125,0.28477045570049125,0.7192737430167597,0.7192737430167597,0.5158730158730159,0.07484669401471314,0.32036998108051296,0.32036998108051296,0.40746727008243094,0.40746727008243094,0.10432907613202853,0.10432907613202853,0.3746318114874816,0.3746318114874816,0.33473305338932213,0.33473305338932213,0.18250950570342206,0.1825055404112637,0.39221040528887613,0.39221040528887613,0.6054987212276215,0.6054281205508787,0.477982385908727,0.47798238590742614,0.31392763290883363,0.31392763290883363,0.2908520395848419,0.29085203958484146,0.37152331166677954,0.3069673877412938
ALBEF (14M),0.09820485744456177,0.09820484671026161,0.1940700808625337,0.1940700808625337,0.5514147688060732,0.5514147688060732,0.6134453781512605,0.07699726092036097,0.2860435339308579,0.28604353393083887,0.4091074681238616,0.40910550770395504,0.202718006795017,0.2021527607228069,0.3989664082687338,0.3989664082685563,0.37984822934232715,0.37984822934232715,0.18501956400223588,0.18458254579873667,0.3454611606330726,0.3454611606330726,0.8973623853211009,0.6007613923668129,0.250114731528224,0.2500714000458695,0.32436659368157644,0.3243665877155611,0.27230046948356806,0.27230046945810155,0.3605629090916669,0.30676988361548907
RN50x4,0.20635631154879142,0.20635631154879142,0.2537154989384289,0.2537154989384289,0.726668249821895,0.726668249821895,0.19487908961593173,0.1948192176704275,0.3089811320754717,0.3089811320754717,0.4705683736634778,0.4705683736634778,0.21313191743942567,0.21313191743942567,0.4285714285714286,0.4285714285714286,0.34232795784767683,0.34232795784767683,0.08166706817634306,0.08166706817634287,0.3745982953751572,0.3745982953751572,0.5272232304900181,0.5272105494581272,0.35479256080114446,0.35479256080114446,0.4434585224927775,0.4434585224927775,0.287973086627418,0.287973086627418,0.347660848232359,0.3063734471031004
ALBEF (4M),0.06933744221879816,0.06929924348642816,0.2746901239504198,0.2746874728949335,0.6090840272520818,0.6090840272520818,0.5056179775280899,0.02805984035644944,0.2949843260188088,0.2949843255332074,0.5517774343122103,0.5497013800420548,0.5151515151515151,0.021783655836660535,0.2961832061068702,0.2961832055937974,0.32039911308203994,0.32039911307977,0.18456790123456793,0.1832338539078734,0.30410499860374196,0.3041049985992391,0.5859576664945791,0.48473633243607694,0.4564696485623003,0.456465368434375,0.44925296239052037,0.44810956921866196,0.2767203513909224,0.2767202499019656,0.37961991295316444,0.2823286865151404
