Dataset,"Image 
Resolution","MetaCLIP-
ViT-B/32 (400M)",,"MetaCLIP-
ViT-B/32 (2.5B)",,"MetaCLIP-
ViT-B/16 (400M)",,"MetaCLIP-
ViT-B/16 (2.5B)",,"MetaCLIP-
ViT-L/14 (400M)",,"MetaCLIP-
ViT-L/14 (2.5B)",,"MetaCLIP-
ViT-H/14 (2.5B)",,"MetaCLIP-
ViT-G/14 (2.5B)",
,,Top1,Top5,Top1,Top5,Top1,Top5,Top1,Top5,Top1,Top5,Top1,Top5,Top1,Top5,Top1,Top5
Imagenet,224 (original),65.59,89.22,67.65,90.54,70.78,92.53,72.12,93.4,76.21,94.54,79.18,95.89,80.52,96.28,82.04,96.47
,128,63.88,88.08,66.84,89.89,68.78,91.43,71.08,92.71,74.56,93.71,78.35,95.47,79.8,96.08,81.46,96.28
,64,54.81,81.22,60.63,85.7,59.3,85.05,64.4,88.81,67.74,89.9,73.58,93.21,75.73,94.06,77.85,94.62
,32,32.65,58.21,43,70.12,32.95,58.11,45.91,72.74,46.03,71.56,55.11,79.69,59.79,82.78,63.07,84.64
,16,14.08,31.23,15.01,32.18,11.23,25.54,20.33,40.62,17.1,34.39,29.63,52.35,33.45,55.87,38.22,60.77
ImageNet-A,224 (original),28.41,61.28,29.68,63.16,46.75,78.16,49.32,80.2,66.04,87.8,71.97,90.79,75.36,91.76,78.28,93.19
,128,24.39,55.83,27.21,59.88,37.25,68.81,42.73,74.49,55.29,81.96,64.75,87.24,69.55,88.76,73.6,90.92
,64,14.12,37.25,18.03,44.01,20.24,46.45,25.13,53.44,34.47,62.01,42.48,70.17,47.76,72.95,53.41,77.33
,32,6.05,18.81,8.12,24.48,7.2,21.59,9.15,27.24,12.88,30.73,16.13,36.35,18.92,40.37,21.93,44.19
,16,2.8,10.33,3.19,10.33,2.73,10.13,3.56,12.12,3.57,11.92,5.76,16.84,6.76,18.92,8.76,22.01
ImageNet-V2,224 (original),57.56,83.46,59.57,85.44,62.64,87.65,65.06,89.3,69.87,91,72.56,92.64,74.11,93.32,76.04,93.4
,128,55.35,81.53,58.66,84.53,60.74,85.9,63.45,88.02,67.59,89.33,70.89,92.02,73.18,92.65,75.23,92.97
,64,46.04,72.91,52.61,79.16,50.57,77.84,56.52,82.59,60.38,84.1,65.51,88.84,68.04,89.77,70.41,90.74
,32,26.81,49.92,36.47,62.03,26.3,49.96,38.99,64.86,38.47,63.28,46.9,72.05,50.88,75.14,54.07,77.43
,16,11.35,25.86,11.9,26.95,8.8,21.3,16.24,34.39,13.73,29.21,24.77,45.04,27.56,48.42,32.01,52.58
ImageNet-R,224 (original),73.91,90.46,77.3,91.94,80.99,94.24,83.39,95.37,88.42,97.05,91.77,98.09,93.24,98.47,94.04,98.69
,128,73.84,90.19,77.3,91.94,80.53,94.02,83.52,95.28,87.79,96.77,91.31,97.91,93.06,98.33,93.84,98.56
,64,65.94,84.42,72.09,88.68,72.44,88.97,78.94,92.43,82.24,93.2,87.94,96.33,89.86,96.73,91.08,97.04
,32,43.15,65.5,56.58,76.96,46.66,67.66,62.02,80.77,60.44,77.68,72.75,86.73,76.03,87.7,78.55,88.89
,16,20.13,37.86,25.92,45.1,17.68,34.44,31.33,50.87,24.32,41.33,41.81,60.28,45.47,61.92,49.44,64.51
ImageNet-Sketch,224 (original),53.31,79.18,56,81.38,57.91,83.06,60.16,84.75,65.06,86.94,68.95,89.82,70.53,90.53,72.75,91.08
,128,52.83,78.52,55.73,81.1,57.08,82.15,59.7,84.51,64.29,86.16,68.53,89.38,70.08,90.25,72.22,90.89
,64,43.35,69.22,50.71,76.59,47.89,73.73,54.5,80.13,57.12,80.48,64.29,86.51,66.55,87.77,68.68,88.39
,32,21.18,40.65,35.28,60,23.43,43.05,38.75,63.9,33.25,55.19,49.5,73.08,53.41,75.86,56.14,77.59
,16,4.37,11.15,12.71,26.68,5.39,12.85,14.35,29.58,7.15,15.91,21.92,39.1,24.2,40.84,28.62,45.95
"Caltech101 
~300 x 200",224 (original),88.93,99.82,90.76,99.91,89.52,99.77,90.54,99.95,90.84,99.79,93.32,99.95,93.06,100,90.67,99.91
,128,89.23,99.84,90.46,99.89,89.96,99.91,90.24,99.96,90.6,99.95,93.11,99.96,90.72,100,90.37,99.98
,64,86.9,99.38,89.14,99.72,87.06,99.56,89.06,99.81,88.24,99.24,91.39,99.96,90.58,99.89,89.99,99.93
,32,77.67,95.77,81.65,97.59,77.19,95.57,83.5,98.35,82.38,97.96,86.88,99.15,88.72,99.4,87.07,99.13
,16,55.34,80.95,59.84,78.25,47.05,75.23,66.64,87.71,60.4,82.7,77,92.92,77.79,93.36,79.81,94.92
"DTD 
split-1 
300x300 - 640x640",224 (original),52.82,82.71,58.88,88.78,55.8,86.49,62.02,91.28,62.29,90.74,68.3,92.77,72.66,95.16,72.13,95.48
,128,51.97,82.55,57.45,88.4,54.15,85,61.7,91.38,60.37,87.77,68.3,92.18,71.01,93.94,71.38,94.95
,64,44.47,74.84,51.33,83.3,47.39,79.36,57.18,86.44,53.09,82.34,63.46,89.63,64.47,91.81,66.01,91.91
,32,23.99,51.01,35.43,68.46,26.33,53.83,41.22,73.3,34.89,63.19,46.91,77.45,50,79.41,51.38,79.36
,16,10.85,30.11,14.52,37.5,8.3,25.69,15.43,38.3,11.86,32.34,21.81,49.2,22.5,47.93,26.01,52.71
"Food101 
512*512",224 (original),79.38,95.05,81.44,95.72,85.48,96.59,87.04,97.12,88.93,97.68,91.66,98.3,92.35,98.13,92.97,98.41
,128,77.91,94.55,80.74,95.46,83.57,96.22,86.07,96.94,87.42,97.35,90.96,98.27,91.68,98.09,92.57,98.44
,64,70.22,91.04,73.22,92.75,74.32,92.81,78.28,94.44,81.33,95.19,86.11,97.05,87.74,97.24,89.54,97.8
,32,39.79,68.49,49.22,77.66,35.94,64.58,52.65,79.9,54.94,80.12,61.21,84.34,66.89,88.19,72.04,90.61
,16,13.52,36.34,13.09,34.58,9.28,26.76,19.01,43.18,12.18,30.48,28.02,54.49,37,63.11,41.01,65.63
SUN397,224 (original),63.96,91.02,67.88,93.39,67.65,92.92,69.52,94.15,71.04,94.32,74.94,95.98,76.42,96.36,76.49,96.38
,128,62.96,90.63,67.19,93.14,66.05,91.82,68.88,93.89,70.36,94.2,74.39,95.89,75.87,96.34,75.72,96.41
,64,55.5,86.08,62.73,90.26,58.72,87.86,63.41,91.3,65.01,91.43,71.58,94.91,73.3,95.07,72.93,95.17
,32,34.68,64.97,47.96,78.44,34.63,65.35,48.07,79.43,45.57,75.38,57.97,86,61.77,87.92,62.95,88.83
,16,14.44,35.29,17.54,39.86,13.74,33.5,22.17,47.66,18.5,39.77,34.44,63.19,37.91,65.44,40.63,68.42
"Stanford Cars 
360×240",224 (original),70.73,96.41,77.33,98.01,74.28,97.87,82.96,98.99,84.64,99.29,88.76,99.81,89.89,99.84,90.71,99.85
,128,68.45,95.71,75.95,97.65,71.88,96.97,80.75,98.89,82.66,99.15,87.61,99.73,89.52,99.78,90.62,99.8
,64,54.25,88.55,67.83,95.04,58.67,90.98,73.19,97.26,74.58,97.33,83.93,99.28,86.3,99.55,87.68,99.56
,32,22.01,55.03,46.69,81.51,23.77,56.68,49.17,84.01,42.69,78.66,62.52,92.09,68.16,94.44,73.6,95.67
,16,4.12,15.37,6.96,22.85,3.27,12.5,10.42,31.84,6.99,22.41,23.82,52.84,26.9,55.75,31.23,61.65
FGVC Aircraft,224 (original),26.91,62.68,27.15,64.24,28.32,67,30.6,70.96,40.02,83.02,45.27,89.68,51.1,93.1,52.81,95.11
,128,24.39,56.59,27.27,63.7,27.21,64.6,30.54,70.96,36.81,78.94,44.46,88.51,51.52,92.32,51.43,94.33
,64,15.72,38.64,21.54,51.58,18.12,46.41,26.64,64,30.24,65.77,39.18,83.05,46.71,87.1,47.67,89.56
,32,7.56,22.17,11.73,30.6,9.36,24.36,12.99,39.51,14.7,37.47,23.28,57.43,26.82,61.72,30.99,67.87
,16,4.65,14.97,4.5,17.73,3.45,12.78,5.67,18.9,4.14,16.02,11.58,34.29,13.05,34.35,16.92,42.51
Oxford Pets,224 (original),88.72,99.62,90.92,99.75,90.46,99.78,91.71,99.86,93.7,99.81,94.69,99.86,95.5,99.92,96.21,99.95
,128,87.71,99.51,89.18,99.73,90.22,99.75,91.2,99.84,92.64,99.78,94.82,99.86,95.48,99.95,95.56,99.95
,64,81.33,98.26,85.39,99.05,84.03,98.94,88.23,99.54,90.46,99.26,92.2,99.7,93.89,99.7,94.69,99.89
,32,58.44,89.48,69.53,95.58,56.12,87.57,75.01,96.48,73.02,95.8,80.4,97.27,84.38,98.45,87.82,98.77
,16,33.91,70.29,32.6,64.46,27.31,60.81,46.12,80.27,40.99,73.18,55.6,84.6,59.14,85.96,67.68,90.38
Flowers102,224 (original),71.25,87.07,70.69,87.79,74.19,88.58,75.18,87.45,77.74,92,82.62,94.47,84.84,95.97,90.34,98.57
,128,70.61,87.17,70.71,88.44,73.36,88.75,75.64,87.97,75.57,90.8,82.31,94.57,84.47,96.03,88.79,98.16
,64,64.76,84.96,65.8,85.98,68.19,86.23,69.26,85.3,71.88,88.63,79,93.98,80.05,94.63,86.58,97.77
,32,43.49,73,52.94,77.82,44.27,73.2,55,78.26,55.99,77.51,64.48,88.16,68.45,89.54,77.2,94.1
,16,22.33,50.48,17.84,43.52,15.79,40.85,29.7,57.78,27.48,53.39,40.01,67.91,46.67,71.56,57.15,78.89
EuroSAT,224 (original),51.17,92.31,49.06,91.98,52.63,95.93,50.91,96.37,59.46,95.65,58.11,94.69,64.07,94.26,73.96,98.52
,128,51.26,92.3,50.15,91.91,49.24,95.02,50.91,96.17,61.5,96.15,60.04,94.96,64.89,94.8,75.07,98.56
,64,51.17,92.31,49.06,91.98,52.63,95.93,50.91,96.37,59.46,95.65,58.11,94.69,64.07,94.26,73.96,98.52
,32,40.87,86.48,32.37,89.5,33.57,91.24,39.7,85.61,41.72,88.33,33.41,83.7,44.7,85.54,53.07,90.91
,16,27.33,78.37,18.15,70.69,22.3,75.93,26.22,71.57,26.83,80.96,19.69,69.3,23.06,70.87,28.41,78.93
UCF101,224 (original),64.68,87.71,66.75,89.56,67.94,88.87,70.63,91.36,73.54,91.96,79.17,94.92,79.33,95.14,83.27,96.25
,128,63.71,88.26,67.09,89.51,68.57,88.92,70.9,91.14,73.75,91.88,79.51,94.53,79.78,95.22,82.95,96.27
,64,58.13,83.98,64.02,88.37,59.37,83.93,67.43,89.21,68.91,88.77,76.13,93.37,76.55,93.84,79.38,94.87
,32,38.83,68.52,51.65,78.27,36.72,64.18,52.89,78.72,51.23,75.79,61.09,83.77,64.6,85.99,66.4,86.76
,16,19.61,43.43,22.79,45.1,15.62,37.06,24.43,50.12,22.1,45.76,36.24,62.28,38.75,66.3,44.38,68.99